"","Df","SumOfSqs","R2","F","Pr(>F)"
"Model",6,1.36514565335225,0.0450761095387609,1.69933955952405,0.011
"Residual",216,28.9202021133702,0.954923890461239,NA,NA
"Total",222,30.2853477667224,1,NA,NA
