"","Df","SumOfSqs","R2","F","Pr(>F)"
"Model",2,0.6049089200459,0.00815702424318841,2.31919859574943,0.019
"Residual",564,73.5531298464852,0.991842975756811,NA,NA
"Total",566,74.1580387665311,1,NA,NA
