"","Df","SumOfSqs","R2","F","Pr(>F)"
"Model",2,0.441155364825475,0.014566627011304,1.62601451824569,0.095
"Residual",220,29.8441924018969,0.985433372988696,NA,NA
"Total",222,30.2853477667224,1,NA,NA
